"index","接受身份","工作經歷","學歷要求","科系要求","語文條件","擅長工具","工作技能"
1,"上班族、應屆畢業生、日間就讀中、夜間就讀中、研發替代役、外籍人士、原住民 、學生實習"," 不拘 "," 大學以上 "," 不拘 "," 不拘 "," 不拘 ","社群媒體經營管理、廣告企劃案╱文案撰寫、技術文件翻譯、教案╱教材翻譯、新聞╱報紙翻譯"
2,"上班族、應屆畢業生、日間就讀中、夜間就讀中、研發替代役、外籍人士、原住民 、二度就業、學生實習"," 不拘 "," 不拘 "," 不拘 "," 不拘 ","Adobe Photoshop","文書處理╱排版能力"
3,"上班族、應屆畢業生、日間就讀中、夜間就讀中、二度就業、中壯齡 、中高齡 、高齡 、學生實習"," 不拘 "," 專科、大學、碩士 "," 不拘 "," 不拘 "," 不拘 "," 不拘 "
4,"上班族、應屆畢業生、日間就讀中、夜間就讀中、研發替代役、外籍人士、原住民 、二度就業、學生實習"," 不拘 "," 不拘 "," 不拘 "," 不拘 "," 不拘 "," 不拘 "
5,"上班族、應屆畢業生、日間就讀中、夜間就讀中、研發替代役、外籍人士、原住民 、二度就業、學生實習"," 不拘 "," 不拘 "," 不拘 "," 不拘 "," 不拘 "," 不拘 "
6,"上班族、應屆畢業生、日間就讀中、夜間就讀中、研發替代役、外籍人士、原住民 、二度就業、中壯齡 、中高齡 、學生實習"," 不拘 "," 高中以上 "," 不拘 "," 日文 -- 聽 /精通、說 /精通、讀 /精通、寫 /精通 "," 不拘 "," 不拘 "
7,"上班族、應屆畢業生、日間就讀中、夜間就讀中、學生實習"," 不拘 "," 專科、大學、碩士 "," 不拘 "," 不拘 ","中文打字150以上","文書處理╱排版能力、行政事務處理、文件或資料輸入建檔處理、文件檔案資料處理、轉換及整合工作"
8,"上班族、應屆畢業生、日間就讀中、夜間就讀中、研發替代役、外籍人士、原住民 、二度就業、學生實習"," 不拘 "," 不拘 "," 不拘 "," 不拘 "," 不拘 ","行銷製作物規劃與執行、網路活動規劃與執行、品牌知名度推廣、社群媒體經營管理、廣告企劃案╱文案撰寫"
9,"日間就讀中、學生實習"," 不拘 "," 大學、碩士 "," 電機電子工程相關、機械工程相關、其他工程相關 "," 不拘 "," 不拘 "," 不拘 "
10,"應屆畢業生、日間就讀中、夜間就讀中、原住民 、學生實習"," 不拘 "," 大學以上 "," 大眾傳播學科類 "," 不拘 ","Excel、Outlook、Word"," 不拘 "
11,"應屆畢業生、日間就讀中、夜間就讀中、學生實習"," 不拘 "," 專科以上 "," 大眾傳播學科類、語文及人文學科類、經濟社會及心理學科類 "," 不拘 ","Premiere、Adobe Photoshop"," 不拘 "
12,"應屆畢業生、日間就讀中、夜間就讀中、學生實習"," 不拘 "," 專科以上 "," 大眾傳播學科類、語文及人文學科類、經濟社會及心理學科類 "," 不拘 "," 不拘 "," 不拘 "
13,"應屆畢業生、日間就讀中、夜間就讀中、學生實習"," 不拘 "," 專科、大學 "," 不拘 "," 英文 -- 聽 /中等、說 /中等、讀 /中等、寫 /中等 ","Adobe Photoshop、Illustrator"," 不拘 "
14,"上班族、應屆畢業生、日間就讀中、夜間就讀中、原住民 、二度就業、學生實習"," 不拘 "," 不拘 "," 不拘 "," 不拘 ","Excel、Word、中文打字50~75"," 不拘 "
15,"上班族、應屆畢業生、日間就讀中、夜間就讀中、學生實習"," 不拘 "," 專科、大學、碩士 "," 不拘 "," 不拘 ","Adobe Photoshop、Illustrator"," 不拘 "
16,"上班族、應屆畢業生、日間就讀中、夜間就讀中、研發替代役、外籍人士、原住民 、二度就業、學生實習"," 不拘 "," 高中以上 "," 不拘 "," 不拘 "," 不拘 "," 不拘 "
17,"應屆畢業生、日間就讀中、夜間就讀中、學生實習"," 不拘 "," 專科、大學 "," 不拘 "," 英文 -- 聽 /精通、說 /精通、讀 /精通、寫 /精通 "," 不拘 "," 不拘 "
18,"上班族、應屆畢業生、日間就讀中、夜間就讀中、二度就業、中壯齡 、學生實習"," 1年以上 "," 專科、大學 "," 不拘 "," 英文 -- 聽 /中等、說 /中等、讀 /中等、寫 /中等 ","VBA、Adobe Acrobat、Excel、PowerPoint、Word、Adobe InDesign、Adobe Photoshop、Illustrator","文書處理╱排版能力、文件或資料輸入建檔處理、文件檔案資料處理、轉換及整合工作"
19,"上班族、應屆畢業生、日間就讀中、夜間就讀中、外籍人士、學生實習"," 不拘 "," 大學 "," 日文相關科系、英美語文相關、其他外國語文相關 "," 英文 -- 聽 /中等、說 /中等、讀 /中等、寫 /中等  中文 -- 聽 /精通、說 /精通、讀 /精通、寫 /精通  日文 -- 聽 /精通、說 /精通、讀 /精通、寫 /精通 ","Adobe Acrobat、Excel、PowerPoint、Word、Adobe Photoshop、Illustrator","文件收發與檔案管理、文書處理╱排版能力、行政事務處理、文件或資料輸入建檔處理、文件檔案資料處理、轉換及整合工作、品牌行銷管理、提案與簡報技巧、行銷策略擬定、品牌知名度推廣、產品介紹及解說銷售"
20,"應屆畢業生、學生實習"," 不拘 "," 專科以上 "," 不拘 "," 英文 -- 聽 /中等、說 /中等、讀 /中等、寫 /中等 ","Excel、PowerPoint、Word","提案與簡報技巧、廣告企劃案╱文案撰寫"
21,"上班族、應屆畢業生、日間就讀中、夜間就讀中、外籍人士、原住民 、二度就業、中壯齡 、學生實習歡迎身心障礙人士，需附身心障礙證明 "," 1年以上 "," 高中以下、高中、專科、大學、碩士 "," 不拘 "," 日文 -- 聽 /精通、說 /精通、讀 /精通、寫 /精通 "," 不拘 ","實體活動規劃與執行、網路活動規劃與執行、活動主持與場控"
22,"上班族、應屆畢業生、日間就讀中、夜間就讀中、學生實習"," 不拘 "," 不拘 "," 不拘 "," 不拘 "," 不拘 "," 不拘 "
23,"上班族、應屆畢業生、日間就讀中、夜間就讀中、研發替代役、外籍人士、原住民 、二度就業、學生實習"," 不拘 "," 不拘 "," 不拘 "," 不拘 "," 不拘 "," 不拘 "
24,"應屆畢業生、日間就讀中、學生實習"," 不拘 "," 大學 "," 不拘 "," 英文 -- 聽 /中等、說 /中等、讀 /中等、寫 /中等 "," 不拘 "," 不拘 "
25,"上班族、應屆畢業生、日間就讀中、夜間就讀中、研發替代役、外籍人士、原住民 、二度就業、中壯齡 、中高齡 、高齡 、學生實習"," 不拘 "," 高中以下、高中、專科、大學 "," 不拘 "," 英文 -- 聽 /精通、說 /精通、讀 /精通、寫 /精通 "," 不拘 "," 不拘 "
26,"上班族、應屆畢業生、日間就讀中、研發替代役、外籍人士、二度就業、學生實習"," 不拘 "," 專科以上 "," 不拘 "," 英文 -- 聽 /精通、說 /精通、讀 /精通、寫 /精通 "," 不拘 "," 不拘 "
27,"上班族、應屆畢業生、日間就讀中、夜間就讀中、學生實習"," 不拘 "," 專科以上 "," 不拘 "," 泰文 -- 聽 /中等、說 /中等、讀 /中等、寫 /中等 "," 不拘 "," 不拘 "
28,"應屆畢業生、日間就讀中、夜間就讀中、學生實習"," 不拘 "," 大學、碩士 "," 不拘 "," 不拘 ","Word"," 不拘 "
29,"應屆畢業生、日間就讀中、夜間就讀中、原住民 、學生實習歡迎顏面損傷(輕度)、肢體障礙(下肢)(輕度)的身心障礙人士，需附身心障礙證明 "," 不拘 "," 專科、大學、碩士 "," 英美語文相關、語言學相關 "," 英文 -- 聽 /精通、說 /精通、讀 /精通、寫 /精通 ","Windows XP、Windows 7、Adobe Acrobat、Excel、Internet Explorer、Word","技術文件翻譯、書籍翻譯、教案╱教材翻譯、新聞╱報紙翻譯、雜誌翻譯"
30,"應屆畢業生、日間就讀中、夜間就讀中、外籍人士、學生實習"," 不拘 "," 專科、大學、碩士 "," 不拘 "," 英文 -- 聽 /精通、說 /精通、讀 /精通、寫 /精通  日文 -- 聽 /精通、說 /精通、讀 /精通、寫 /精通 "," 不拘 "," 不拘 "
31,"上班族、應屆畢業生、日間就讀中、夜間就讀中、原住民 、學生實習"," 不拘 "," 大學以上 "," 一般數學相關 "," 不拘 "," 不拘 "," 不拘 "
32,"應屆畢業生、夜間就讀中、學生實習"," 不拘 "," 專科、大學、碩士 "," 不拘 "," 不拘 "," 不拘 "," 不拘 "
33,"夜間就讀中、學生實習"," 不拘 "," 專科、大學、碩士 "," 不拘 "," 日文 -- 聽 /中等、說 /中等、讀 /中等、寫 /中等  中文 -- 聽 /精通、說 /精通、讀 /精通、寫 /精通 ","Adobe Photoshop、Illustrator"," 不拘 "
34,"上班族、應屆畢業生、日間就讀中、原住民 、二度就業、學生實習"," 不拘 "," 專科以上 "," 不拘 "," 不拘 ","Excel、PowerPoint、Word","廣告企劃案╱文案撰寫"
35,"上班族、應屆畢業生、日間就讀中、外籍人士、學生實習"," 1年以上 "," 大學以上 "," 不拘 "," 英文 -- 聽 /精通、說 /精通、讀 /精通、寫 /精通 "," 不拘 "," 不拘 "
36,"日間就讀中、夜間就讀中、學生實習"," 不拘 "," 專科以上 "," 不拘 "," 日文 -- 聽 /精通、說 /精通、讀 /精通、寫 /精通 "," 不拘 "," 不拘 "
37,"應屆畢業生、日間就讀中、夜間就讀中、原住民 、學生實習"," 不拘 "," 高中以上 "," 不拘 "," 不拘 "," 不拘 "," 不拘 "
38,"學生實習"," 不拘 "," 專科以上 "," 不拘 "," 泰文 -- 聽 /略懂、說 /略懂、讀 /中等、寫 /中等  中文 -- 聽 /中等、說 /中等、讀 /中等、寫 /中等 ","Excel、PowerPoint","網站流量成效追蹤、廣告企劃案╱文案撰寫"
39,"上班族、應屆畢業生、日間就讀中、夜間就讀中、外籍人士、原住民 、二度就業、學生實習"," 不拘 "," 大學以上 "," 日文相關科系、語言學相關 "," 日文 -- 聽 /中等、說 /中等、讀 /精通、寫 /精通 "," 不拘 "," 不拘 "
40,"日間就讀中、夜間就讀中、學生實習"," 不拘 "," 大學以上 "," 不拘 "," 英文 -- 聽 /精通、說 /精通、讀 /精通、寫 /精通 ","Excel、PowerPoint、Word、Adobe Photoshop、Illustrator","繪圖工具與軟體操作"
41,"上班族、應屆畢業生、日間就讀中、夜間就讀中、研發替代役、外籍人士、原住民 、二度就業、學生實習"," 不拘 "," 大學以上 "," 不拘 "," 韓文 -- 聽 /精通、說 /精通、讀 /精通、寫 /精通  中文 -- 聽 /精通、說 /精通、讀 /精通、寫 /精通 ","Excel、Internet Explorer、PowerPoint、Visio、Word"," 不拘 "
42,"應屆畢業生、日間就讀中、夜間就讀中、原住民 、學生實習"," 不拘 "," 高中以上 "," 大眾傳播學科類 "," 不拘 ","Premiere、Adobe Photoshop、Illustrator"," 不拘 "
43,"應屆畢業生、日間就讀中、夜間就讀中、外籍人士、學生實習"," 不拘 "," 專科、大學 "," 不拘 "," 英文 -- 聽 /精通、說 /精通、讀 /精通、寫 /精通 ","Excel、PowerPoint、Word"," 不拘 "
44,"上班族、應屆畢業生、日間就讀中、夜間就讀中、研發替代役、外籍人士、原住民 、二度就業、學生實習"," 不拘 "," 大學以上 "," 不拘 "," 越文 -- 聽 /精通、說 /精通、讀 /精通、寫 /精通  中文 -- 聽 /精通、說 /精通、讀 /精通、寫 /精通 "," 不拘 "," 不拘 "
45,"上班族、應屆畢業生、日間就讀中、夜間就讀中、研發替代役、外籍人士、原住民 、二度就業、學生實習"," 不拘 "," 大學以上 "," 不拘 "," 日文 -- 聽 /精通、說 /精通、讀 /精通、寫 /精通  中文 -- 聽 /精通、說 /精通、讀 /精通、寫 /精通 ","Excel、Internet Explorer、PowerPoint、Visio、Word"," 不拘 "
46,"上班族、應屆畢業生、外籍人士、學生實習"," 1年以上 "," 大學、碩士 "," 不拘 "," 不拘 "," 不拘 "," 不拘 "
47,"上班族、應屆畢業生、學生實習"," 不拘 "," 專科以上 "," 不拘 "," 不拘 "," 不拘 "," 不拘 "
48,"上班族、應屆畢業生、日間就讀中、夜間就讀中、研發替代役、外籍人士、原住民 、二度就業、學生實習"," 不拘 "," 大學以上 "," 不拘 "," 西班牙文 -- 聽 /精通、說 /精通、讀 /精通、寫 /精通  中文 -- 聽 /精通、說 /精通、讀 /精通、寫 /精通 ","Excel、Internet Explorer、PowerPoint、Word"," 不拘 "
49,"上班族、應屆畢業生、日間就讀中、夜間就讀中、研發替代役、外籍人士、原住民 、二度就業、學生實習"," 不拘 "," 大學以上 "," 不拘 "," 其他外文 -- 聽 /精通、說 /精通、讀 /精通、寫 /精通  中文 -- 聽 /精通、說 /精通、讀 /精通、寫 /精通 ","Excel、Internet Explorer、PowerPoint、Visio、Word"," 不拘 "
50,"上班族、應屆畢業生、日間就讀中、夜間就讀中、研發替代役、外籍人士、原住民 、二度就業、學生實習"," 不拘 "," 大學以上 "," 不拘 "," 其他外文 -- 聽 /精通、說 /精通、讀 /精通、寫 /精通  中文 -- 聽 /精通、說 /精通、讀 /精通、寫 /精通 ","Excel、Internet Explorer、PowerPoint、Visio、Word"," 不拘 "
51,"上班族、應屆畢業生、日間就讀中、夜間就讀中、研發替代役、外籍人士、原住民 、二度就業、學生實習"," 不拘 "," 大學以上 "," 不拘 "," 其他外文 -- 聽 /精通、說 /精通、讀 /精通、寫 /精通  中文 -- 聽 /精通、說 /精通、讀 /精通、寫 /精通 ","Excel、Internet Explorer、PowerPoint、Visio、Word"," 不拘 "
52,"上班族、應屆畢業生、日間就讀中、夜間就讀中、研發替代役、外籍人士、原住民 、二度就業、學生實習"," 不拘 "," 大學以上 "," 不拘 "," 其他外文 -- 聽 /精通、說 /精通、讀 /精通、寫 /精通  中文 -- 聽 /精通、說 /精通、讀 /精通、寫 /精通 ","Excel、Internet Explorer、PowerPoint、Visio、Word"," 不拘 "
53,"上班族、應屆畢業生、日間就讀中、夜間就讀中、研發替代役、外籍人士、原住民 、二度就業、學生實習"," 不拘 "," 大學以上 "," 不拘 "," 其他外文 -- 聽 /精通、說 /精通、讀 /精通、寫 /精通  中文 -- 聽 /精通、說 /精通、讀 /精通、寫 /精通 ","Excel、Internet Explorer、PowerPoint、Visio、Word"," 不拘 "
54,"上班族、應屆畢業生、日間就讀中、夜間就讀中、研發替代役、外籍人士、原住民 、二度就業、學生實習"," 不拘 "," 大學以上 "," 不拘 "," 其他外文 -- 聽 /精通、說 /精通、讀 /精通、寫 /精通  中文 -- 聽 /精通、說 /精通、讀 /精通、寫 /精通 ","Excel、Internet Explorer、PowerPoint、Visio、Word"," 不拘 "
55,"上班族、應屆畢業生、日間就讀中、夜間就讀中、研發替代役、外籍人士、原住民 、二度就業、學生實習"," 不拘 "," 大學以上 "," 不拘 "," 其他外文 -- 聽 /精通、說 /精通、讀 /精通、寫 /精通  中文 -- 聽 /精通、說 /精通、讀 /精通、寫 /精通 ","Excel、Internet Explorer、PowerPoint、Visio、Word"," 不拘 "
56,"上班族、應屆畢業生、日間就讀中、夜間就讀中、研發替代役、外籍人士、原住民 、二度就業、學生實習"," 不拘 "," 大學以上 "," 不拘 "," 其他外文 -- 聽 /精通、說 /精通、讀 /精通、寫 /精通  中文 -- 聽 /精通、說 /精通、讀 /精通、寫 /精通 ","Excel、Internet Explorer、PowerPoint、Visio、Word"," 不拘 "
57,"上班族、應屆畢業生、日間就讀中、夜間就讀中、研發替代役、外籍人士、原住民 、二度就業、學生實習"," 不拘 "," 大學以上 "," 不拘 "," 其他外文 -- 聽 /精通、說 /精通、讀 /精通、寫 /精通  中文 -- 聽 /精通、說 /精通、讀 /精通、寫 /精通 ","Excel、Internet Explorer、PowerPoint、Visio、Word"," 不拘 "
58,"上班族、應屆畢業生、日間就讀中、夜間就讀中、研發替代役、外籍人士、原住民 、二度就業、學生實習"," 不拘 "," 大學以上 "," 不拘 "," 其他外文 -- 聽 /精通、說 /精通、讀 /精通、寫 /精通  中文 -- 聽 /精通、說 /精通、讀 /精通、寫 /精通 ","Excel、Internet Explorer、PowerPoint、Visio、Word"," 不拘 "
59,"上班族、應屆畢業生、日間就讀中、夜間就讀中、研發替代役、外籍人士、原住民 、二度就業、學生實習"," 不拘 "," 大學以上 "," 不拘 "," 其他外文 -- 聽 /精通、說 /精通、讀 /精通、寫 /精通  中文 -- 聽 /精通、說 /精通、讀 /精通、寫 /精通 ","Excel、Internet Explorer、PowerPoint、Visio、Word"," 不拘 "
60,"上班族、應屆畢業生、日間就讀中、夜間就讀中、研發替代役、外籍人士、原住民 、二度就業、學生實習"," 不拘 "," 大學以上 "," 不拘 "," 其他外文 -- 聽 /精通、說 /精通、讀 /精通、寫 /精通  中文 -- 聽 /精通、說 /精通、讀 /精通、寫 /精通 ","Excel、Internet Explorer、PowerPoint、Visio、Word"," 不拘 "
61,"上班族、應屆畢業生、日間就讀中、夜間就讀中、研發替代役、外籍人士、原住民 、二度就業、學生實習"," 不拘 "," 大學以上 "," 不拘 "," 其他外文 -- 聽 /精通、說 /精通、讀 /精通、寫 /精通  中文 -- 聽 /精通、說 /精通、讀 /精通、寫 /精通 ","Excel、Internet Explorer、PowerPoint、Visio、Word"," 不拘 "
62,"上班族、應屆畢業生、日間就讀中、夜間就讀中、研發替代役、外籍人士、原住民 、二度就業、學生實習"," 不拘 "," 大學以上 "," 不拘 "," 其他外文 -- 聽 /精通、說 /精通、讀 /精通、寫 /精通  中文 -- 聽 /精通、說 /精通、讀 /精通、寫 /精通 ","Excel、Internet Explorer、PowerPoint、Visio、Word"," 不拘 "
63,"上班族、應屆畢業生、日間就讀中、夜間就讀中、研發替代役、外籍人士、原住民 、二度就業、學生實習"," 不拘 "," 大學以上 "," 不拘 "," 其他外文 -- 聽 /精通、說 /精通、讀 /精通、寫 /精通  中文 -- 聽 /精通、說 /精通、讀 /精通、寫 /精通 ","Excel、Internet Explorer、PowerPoint、Visio、Word"," 不拘 "
64,"上班族、應屆畢業生、日間就讀中、夜間就讀中、研發替代役、外籍人士、原住民 、二度就業、學生實習"," 不拘 "," 大學以上 "," 不拘 "," 其他外文 -- 聽 /精通、說 /精通、讀 /精通、寫 /精通  中文 -- 聽 /精通、說 /精通、讀 /精通、寫 /精通 ","Excel、Internet Explorer、PowerPoint、Visio、Word"," 不拘 "
65,"上班族、應屆畢業生、日間就讀中、夜間就讀中、研發替代役、外籍人士、原住民 、二度就業、學生實習"," 不拘 "," 大學以上 "," 不拘 "," 其他外文 -- 聽 /精通、說 /精通、讀 /精通、寫 /精通  中文 -- 聽 /精通、說 /精通、讀 /精通、寫 /精通 ","Excel、Internet Explorer、PowerPoint、Visio、Word"," 不拘 "
66,"上班族、應屆畢業生、日間就讀中、夜間就讀中、研發替代役、外籍人士、原住民 、二度就業、學生實習"," 不拘 "," 大學以上 "," 不拘 "," 其他外文 -- 聽 /精通、說 /精通、讀 /精通、寫 /精通  中文 -- 聽 /精通、說 /精通、讀 /精通、寫 /精通 ","Excel、Internet Explorer、PowerPoint、Visio、Word"," 不拘 "
67,"上班族、應屆畢業生、日間就讀中、夜間就讀中、研發替代役、外籍人士、原住民 、二度就業、學生實習"," 不拘 "," 大學以上 "," 不拘 "," 其他外文 -- 聽 /精通、說 /精通、讀 /精通、寫 /精通  中文 -- 聽 /精通、說 /精通、讀 /精通、寫 /精通 ","Excel、Internet Explorer、PowerPoint、Visio、Word"," 不拘 "
68,"上班族、應屆畢業生、日間就讀中、夜間就讀中、研發替代役、外籍人士、原住民 、二度就業、學生實習"," 不拘 "," 大學以上 "," 不拘 "," 其他外文 -- 聽 /精通、說 /精通、讀 /精通、寫 /精通  中文 -- 聽 /精通、說 /精通、讀 /精通、寫 /精通 ","Excel、Internet Explorer、PowerPoint、Visio、Word"," 不拘 "
69,"上班族、應屆畢業生、日間就讀中、夜間就讀中、研發替代役、外籍人士、原住民 、二度就業、學生實習"," 不拘 "," 大學以上 "," 不拘 "," 其他外文 -- 聽 /精通、說 /精通、讀 /精通、寫 /精通  中文 -- 聽 /精通、說 /精通、讀 /精通、寫 /精通 ","Excel、Internet Explorer、PowerPoint、Visio、Word"," 不拘 "
70,"上班族、應屆畢業生、日間就讀中、夜間就讀中、研發替代役、外籍人士、原住民 、二度就業、學生實習"," 不拘 "," 大學以上 "," 不拘 "," 其他外文 -- 聽 /精通、說 /精通、讀 /精通、寫 /精通  中文 -- 聽 /精通、說 /精通、讀 /精通、寫 /精通 ","Excel、Internet Explorer、PowerPoint、Visio、Word"," 不拘 "
71,"上班族、應屆畢業生、日間就讀中、夜間就讀中、研發替代役、外籍人士、原住民 、二度就業、學生實習"," 不拘 "," 大學以上 "," 不拘 "," 其他外文 -- 聽 /精通、說 /精通、讀 /精通、寫 /精通  中文 -- 聽 /精通、說 /精通、讀 /精通、寫 /精通 ","Excel、Internet Explorer、PowerPoint、Visio、Word"," 不拘 "
72,"上班族、應屆畢業生、日間就讀中、夜間就讀中、研發替代役、外籍人士、原住民 、二度就業、學生實習"," 不拘 "," 大學以上 "," 不拘 "," 其他外文 -- 聽 /精通、說 /精通、讀 /精通、寫 /精通  中文 -- 聽 /精通、說 /精通、讀 /精通、寫 /精通 ","Excel、Internet Explorer、PowerPoint、Visio、Word"," 不拘 "
73,"上班族、應屆畢業生、日間就讀中、夜間就讀中、研發替代役、外籍人士、原住民 、二度就業、學生實習"," 不拘 "," 大學以上 "," 不拘 "," 其他外文 -- 聽 /精通、說 /精通、讀 /精通、寫 /精通  中文 -- 聽 /精通、說 /精通、讀 /精通、寫 /精通 ","Excel、Internet Explorer、PowerPoint、Visio、Word"," 不拘 "
74,"上班族、應屆畢業生、日間就讀中、夜間就讀中、研發替代役、外籍人士、原住民 、二度就業、學生實習"," 不拘 "," 大學以上 "," 不拘 "," 其他外文 -- 聽 /精通、說 /精通、讀 /精通、寫 /精通  中文 -- 聽 /精通、說 /精通、讀 /精通、寫 /精通 ","Excel、Internet Explorer、PowerPoint、Visio、Word"," 不拘 "
75,"上班族、應屆畢業生、日間就讀中、夜間就讀中、研發替代役、外籍人士、原住民 、二度就業、學生實習"," 不拘 "," 大學以上 "," 不拘 "," 葡萄牙文 -- 聽 /精通、說 /精通、讀 /精通、寫 /精通  中文 -- 聽 /精通、說 /精通、讀 /精通、寫 /精通 ","Excel、Internet Explorer、PowerPoint、Visio、Word"," 不拘 "
76,"上班族、應屆畢業生、日間就讀中、夜間就讀中、研發替代役、外籍人士、原住民 、二度就業、學生實習"," 不拘 "," 大學以上 "," 不拘 "," 其他外文 -- 聽 /精通、說 /精通、讀 /精通、寫 /精通  中文 -- 聽 /精通、說 /精通、讀 /精通、寫 /精通 ","Excel、Internet Explorer、PowerPoint、Visio、Word"," 不拘 "
77,"上班族、應屆畢業生、日間就讀中、夜間就讀中、研發替代役、外籍人士、原住民 、二度就業、學生實習"," 不拘 "," 大學以上 "," 不拘 "," 其他外文 -- 聽 /精通、說 /精通、讀 /精通、寫 /精通  中文 -- 聽 /精通、說 /精通、讀 /精通、寫 /精通 ","Excel、Internet Explorer、PowerPoint、Visio、Word"," 不拘 "
78,"上班族、應屆畢業生、日間就讀中、夜間就讀中、研發替代役、外籍人士、原住民 、二度就業、學生實習"," 不拘 "," 大學以上 "," 不拘 "," 其他外文 -- 聽 /精通、說 /精通、讀 /精通、寫 /精通  中文 -- 聽 /精通、說 /精通、讀 /精通、寫 /精通 ","Excel、Internet Explorer、PowerPoint、Visio、Word"," 不拘 "
79,"上班族、應屆畢業生、日間就讀中、夜間就讀中、研發替代役、外籍人士、原住民 、二度就業、學生實習"," 不拘 "," 大學以上 "," 不拘 "," 其他外文 -- 聽 /精通、說 /精通、讀 /精通、寫 /精通  中文 -- 聽 /精通、說 /精通、讀 /精通、寫 /精通 ","Excel、Internet Explorer、PowerPoint、Visio、Word"," 不拘 "
80,"上班族、應屆畢業生、日間就讀中、夜間就讀中、研發替代役、外籍人士、原住民 、二度就業、學生實習"," 不拘 "," 大學以上 "," 不拘 "," 其他外文 -- 聽 /精通、說 /精通、讀 /精通、寫 /精通  中文 -- 聽 /精通、說 /精通、讀 /精通、寫 /精通 ","Excel、Internet Explorer、PowerPoint、Visio、Word"," 不拘 "
81,"上班族、應屆畢業生、日間就讀中、夜間就讀中、研發替代役、外籍人士、原住民 、二度就業、學生實習"," 不拘 "," 大學以上 "," 不拘 "," 其他外文 -- 聽 /精通、說 /精通、讀 /精通、寫 /精通  中文 -- 聽 /精通、說 /精通、讀 /精通、寫 /精通 ","Excel、Internet Explorer、PowerPoint、Visio、Word"," 不拘 "
82,"上班族、應屆畢業生、日間就讀中、夜間就讀中、研發替代役、外籍人士、原住民 、二度就業、學生實習"," 不拘 "," 大學以上 "," 不拘 "," 其他外文 -- 聽 /精通、說 /精通、讀 /精通、寫 /精通  中文 -- 聽 /精通、說 /精通、讀 /精通、寫 /精通 ","Excel、Internet Explorer、PowerPoint、Visio、Word"," 不拘 "
83,"上班族、應屆畢業生、日間就讀中、夜間就讀中、研發替代役、外籍人士、原住民 、二度就業、學生實習"," 不拘 "," 大學以上 "," 不拘 "," 其他外文 -- 聽 /精通、說 /精通、讀 /精通、寫 /精通  中文 -- 聽 /精通、說 /精通、讀 /精通、寫 /精通 ","Excel、Internet Explorer、PowerPoint、Visio、Word"," 不拘 "
84,"上班族、應屆畢業生、日間就讀中、夜間就讀中、研發替代役、外籍人士、原住民 、二度就業、學生實習"," 不拘 "," 大學以上 "," 不拘 "," 其他外文 -- 聽 /精通、說 /精通、讀 /精通、寫 /精通  中文 -- 聽 /精通、說 /精通、讀 /精通、寫 /精通 ","Excel、Internet Explorer、PowerPoint、Visio、Word"," 不拘 "
85,"上班族、應屆畢業生、日間就讀中、夜間就讀中、研發替代役、外籍人士、原住民 、二度就業、學生實習"," 不拘 "," 大學以上 "," 不拘 "," 其他外文 -- 聽 /精通、說 /精通、讀 /精通、寫 /精通  中文 -- 聽 /精通、說 /精通、讀 /精通、寫 /精通 ","Excel、Internet Explorer、PowerPoint、Visio、Word"," 不拘 "
86,"上班族、應屆畢業生、日間就讀中、夜間就讀中、研發替代役、外籍人士、原住民 、二度就業、學生實習"," 不拘 "," 大學以上 "," 不拘 "," 其他外文 -- 聽 /精通、說 /精通、讀 /精通、寫 /精通  中文 -- 聽 /精通、說 /精通、讀 /精通、寫 /精通 ","Excel、Internet Explorer、PowerPoint、Visio、Word"," 不拘 "
87,"上班族、應屆畢業生、日間就讀中、夜間就讀中、研發替代役、外籍人士、原住民 、二度就業、學生實習"," 不拘 "," 大學以上 "," 不拘 "," 其他外文 -- 聽 /精通、說 /精通、讀 /精通、寫 /精通  中文 -- 聽 /精通、說 /精通、讀 /精通、寫 /精通 ","Excel、Internet Explorer、PowerPoint、Visio、Word"," 不拘 "
88,"上班族、應屆畢業生、日間就讀中、夜間就讀中、研發替代役、外籍人士、原住民 、二度就業、學生實習"," 不拘 "," 大學以上 "," 不拘 "," 其他外文 -- 聽 /精通、說 /精通、讀 /精通、寫 /精通  中文 -- 聽 /精通、說 /精通、讀 /精通、寫 /精通 ","Excel、Internet Explorer、PowerPoint、Visio、Word"," 不拘 "
89,"上班族、應屆畢業生、日間就讀中、夜間就讀中、研發替代役、外籍人士、原住民 、二度就業、學生實習"," 不拘 "," 大學以上 "," 不拘 "," 其他外文 -- 聽 /精通、說 /精通、讀 /精通、寫 /精通  中文 -- 聽 /精通、說 /精通、讀 /精通、寫 /精通 ","Excel、Internet Explorer、PowerPoint、Visio、Word"," 不拘 "
90,"上班族、應屆畢業生、日間就讀中、夜間就讀中、研發替代役、外籍人士、原住民 、二度就業、學生實習"," 不拘 "," 大學以上 "," 不拘 "," 其他外文 -- 聽 /精通、說 /精通、讀 /精通、寫 /精通  中文 -- 聽 /精通、說 /精通、讀 /精通、寫 /精通 ","Excel、Internet Explorer、PowerPoint、Visio、Word"," 不拘 "
91,"上班族、應屆畢業生、日間就讀中、夜間就讀中、研發替代役、外籍人士、原住民 、二度就業、學生實習"," 不拘 "," 大學以上 "," 不拘 "," 其他外文 -- 聽 /精通、說 /精通、讀 /精通、寫 /精通  中文 -- 聽 /精通、說 /精通、讀 /精通、寫 /精通 ","Excel、Internet Explorer、PowerPoint、Visio、Word"," 不拘 "
92,"上班族、應屆畢業生、日間就讀中、夜間就讀中、研發替代役、外籍人士、原住民 、二度就業、學生實習"," 不拘 "," 大學以上 "," 不拘 "," 其他外文 -- 聽 /精通、說 /精通、讀 /精通、寫 /精通  中文 -- 聽 /精通、說 /精通、讀 /精通、寫 /精通 ","Excel、Internet Explorer、PowerPoint、Visio、Word"," 不拘 "
93,"上班族、應屆畢業生、日間就讀中、夜間就讀中、研發替代役、外籍人士、原住民 、二度就業、學生實習"," 不拘 "," 大學以上 "," 不拘 "," 其他外文 -- 聽 /精通、說 /精通、讀 /精通、寫 /精通  中文 -- 聽 /精通、說 /精通、讀 /精通、寫 /精通 ","Excel、Internet Explorer、PowerPoint、Visio、Word"," 不拘 "
94,"上班族、應屆畢業生、日間就讀中、夜間就讀中、研發替代役、外籍人士、原住民 、二度就業、學生實習"," 不拘 "," 大學以上 "," 不拘 "," 其他外文 -- 聽 /精通、說 /精通、讀 /精通、寫 /精通  中文 -- 聽 /精通、說 /精通、讀 /精通、寫 /精通 ","Excel、Internet Explorer、PowerPoint、Visio、Word"," 不拘 "
95,"上班族、應屆畢業生、日間就讀中、夜間就讀中、研發替代役、外籍人士、原住民 、二度就業、學生實習"," 不拘 "," 大學以上 "," 不拘 "," 其他外文 -- 聽 /精通、說 /精通、讀 /精通、寫 /精通  中文 -- 聽 /精通、說 /精通、讀 /精通、寫 /精通 ","Excel、Internet Explorer、PowerPoint、Visio、Word"," 不拘 "
96,"上班族、應屆畢業生、日間就讀中、夜間就讀中、研發替代役、外籍人士、原住民 、二度就業、學生實習"," 不拘 "," 大學以上 "," 不拘 "," 其他外文 -- 聽 /精通、說 /精通、讀 /精通、寫 /精通  中文 -- 聽 /精通、說 /精通、讀 /精通、寫 /精通 ","Excel、Internet Explorer、PowerPoint、Visio、Word"," 不拘 "
97,"上班族、應屆畢業生、日間就讀中、夜間就讀中、研發替代役、外籍人士、原住民 、二度就業、學生實習"," 不拘 "," 大學以上 "," 不拘 "," 其他外文 -- 聽 /精通、說 /精通、讀 /精通、寫 /精通  中文 -- 聽 /精通、說 /精通、讀 /精通、寫 /精通 ","Excel、Internet Explorer、PowerPoint、Visio、Word"," 不拘 "
98,"上班族、應屆畢業生、日間就讀中、夜間就讀中、研發替代役、外籍人士、原住民 、二度就業、學生實習"," 不拘 "," 大學以上 "," 不拘 "," 其他外文 -- 聽 /精通、說 /精通、讀 /精通、寫 /精通  中文 -- 聽 /精通、說 /精通、讀 /精通、寫 /精通 ","Excel、Internet Explorer、PowerPoint、Visio、Word"," 不拘 "
99,"上班族、應屆畢業生、日間就讀中、夜間就讀中、研發替代役、外籍人士、原住民 、二度就業、學生實習"," 不拘 "," 專科、大學、碩士 "," 不拘 "," 其他外文 -- 聽 /精通、說 /精通、讀 /精通、寫 /精通  中文 -- 聽 /精通、說 /精通、讀 /精通、寫 /精通 ","Excel、Internet Explorer、PowerPoint、Visio、Word"," 不拘 "
100,"上班族、應屆畢業生、日間就讀中、夜間就讀中、研發替代役、外籍人士、原住民 、二度就業、學生實習"," 不拘 "," 大學以上 "," 不拘 "," 其他外文 -- 聽 /精通、說 /精通、讀 /精通、寫 /精通  中文 -- 聽 /精通、說 /精通、讀 /精通、寫 /精通 ","Excel、Internet Explorer、PowerPoint、Visio、Word"," 不拘 "
101,"上班族、應屆畢業生、日間就讀中、夜間就讀中、研發替代役、外籍人士、原住民 、二度就業、學生實習"," 不拘 "," 大學以上 "," 不拘 "," 其他外文 -- 聽 /精通、說 /精通、讀 /精通、寫 /精通  中文 -- 聽 /精通、說 /精通、讀 /精通、寫 /精通 ","Excel、Internet Explorer、PowerPoint、Visio、Word"," 不拘 "
102,"上班族、應屆畢業生、日間就讀中、夜間就讀中、研發替代役、外籍人士、原住民 、二度就業、學生實習"," 不拘 "," 大學以上 "," 不拘 "," 其他外文 -- 聽 /精通、說 /精通、讀 /精通、寫 /精通  中文 -- 聽 /精通、說 /精通、讀 /精通、寫 /精通 ","Excel、Internet Explorer、PowerPoint、Visio、Word"," 不拘 "
103,"上班族、應屆畢業生、日間就讀中、夜間就讀中、研發替代役、外籍人士、原住民 、二度就業、學生實習"," 不拘 "," 大學以上 "," 不拘 "," 其他外文 -- 聽 /精通、說 /精通、讀 /精通、寫 /精通  中文 -- 聽 /精通、說 /精通、讀 /精通、寫 /精通 ","Excel、Internet Explorer、PowerPoint、Visio、Word"," 不拘 "
104,"上班族、應屆畢業生、日間就讀中、夜間就讀中、研發替代役、外籍人士、原住民 、二度就業、學生實習"," 不拘 "," 大學以上 "," 不拘 "," 其他外文 -- 聽 /精通、說 /精通、讀 /精通、寫 /精通  中文 -- 聽 /精通、說 /精通、讀 /精通、寫 /精通 ","Excel、Internet Explorer、PowerPoint、Visio、Word"," 不拘 "
105,"上班族、應屆畢業生、日間就讀中、夜間就讀中、研發替代役、外籍人士、原住民 、二度就業、學生實習"," 不拘 "," 大學以上 "," 不拘 "," 其他外文 -- 聽 /精通、說 /精通、讀 /精通、寫 /精通  中文 -- 聽 /精通、說 /精通、讀 /精通、寫 /精通 ","Excel、Internet Explorer、PowerPoint、Visio、Word"," 不拘 "
106,"上班族、應屆畢業生、日間就讀中、夜間就讀中、研發替代役、外籍人士、原住民 、二度就業、學生實習"," 不拘 "," 大學以上 "," 不拘 "," 其他外文 -- 聽 /精通、說 /精通、讀 /精通、寫 /精通  中文 -- 聽 /精通、說 /精通、讀 /精通、寫 /精通 ","Excel、Internet Explorer、PowerPoint、Visio、Word"," 不拘 "
107,"上班族、應屆畢業生、日間就讀中、夜間就讀中、研發替代役、外籍人士、原住民 、二度就業、學生實習"," 不拘 "," 大學以上 "," 不拘 "," 其他外文 -- 聽 /精通、說 /精通、讀 /精通、寫 /精通  中文 -- 聽 /精通、說 /精通、讀 /精通、寫 /精通 ","Excel、Internet Explorer、PowerPoint、Visio、Word"," 不拘 "
108,"上班族、應屆畢業生、日間就讀中、夜間就讀中、研發替代役、外籍人士、原住民 、二度就業、學生實習"," 不拘 "," 大學以上 "," 不拘 "," 其他外文 -- 聽 /精通、說 /精通、讀 /精通、寫 /精通  中文 -- 聽 /精通、說 /精通、讀 /精通、寫 /精通 ","Excel、Internet Explorer、PowerPoint、Visio、Word"," 不拘 "
109,"上班族、應屆畢業生、日間就讀中、夜間就讀中、研發替代役、外籍人士、原住民 、二度就業、學生實習"," 不拘 "," 大學以上 "," 不拘 "," 其他外文 -- 聽 /精通、說 /精通、讀 /精通、寫 /精通  中文 -- 聽 /精通、說 /精通、讀 /精通、寫 /精通 ","Excel、Internet Explorer、PowerPoint、Visio、Word"," 不拘 "
110,"上班族、應屆畢業生、日間就讀中、夜間就讀中、研發替代役、外籍人士、原住民 、二度就業、學生實習"," 不拘 "," 大學以上 "," 不拘 "," 菲律賓文 -- 聽 /精通、說 /精通、讀 /精通、寫 /精通  中文 -- 聽 /精通、說 /精通、讀 /精通、寫 /精通 ","Excel、Internet Explorer、PowerPoint、Visio、Word"," 不拘 "
111,"上班族、應屆畢業生、日間就讀中、夜間就讀中、研發替代役、外籍人士、原住民 、二度就業、學生實習"," 不拘 "," 大學以上 "," 不拘 "," 其他外文 -- 聽 /精通、說 /精通、讀 /精通、寫 /精通  中文 -- 聽 /精通、說 /精通、讀 /精通、寫 /精通 ","Excel、Internet Explorer、PowerPoint、Visio、Word"," 不拘 "
112,"上班族、應屆畢業生、日間就讀中、夜間就讀中、研發替代役、外籍人士、原住民 、二度就業、學生實習"," 不拘 "," 大學以上 "," 不拘 "," 其他外文 -- 聽 /精通、說 /精通、讀 /精通、寫 /精通  中文 -- 聽 /精通、說 /精通、讀 /精通、寫 /精通 ","Excel、Internet Explorer、PowerPoint、Visio、Word"," 不拘 "
113,"上班族、應屆畢業生、日間就讀中、夜間就讀中、研發替代役、外籍人士、原住民 、二度就業、學生實習"," 不拘 "," 大學以上 "," 不拘 "," 其他外文 -- 聽 /精通、說 /精通、讀 /精通、寫 /精通  中文 -- 聽 /精通、說 /精通、讀 /精通、寫 /精通 ","Excel、Internet Explorer、PowerPoint、Visio、Word"," 不拘 "
114,"上班族、應屆畢業生、日間就讀中、夜間就讀中、研發替代役、外籍人士、原住民 、二度就業、學生實習"," 不拘 "," 大學以上 "," 不拘 "," 其他外文 -- 聽 /精通、說 /精通、讀 /精通、寫 /精通  中文 -- 聽 /精通、說 /精通、讀 /精通、寫 /精通 ","Excel、Internet Explorer、PowerPoint、Visio、Word"," 不拘 "
115,"上班族、應屆畢業生、日間就讀中、夜間就讀中、研發替代役、外籍人士、原住民 、二度就業、學生實習"," 不拘 "," 大學以上 "," 不拘 "," 其他外文 -- 聽 /精通、說 /精通、讀 /精通、寫 /精通  中文 -- 聽 /精通、說 /精通、讀 /精通、寫 /精通 ","Excel、Internet Explorer、PowerPoint、Visio、Word"," 不拘 "
116,"上班族、應屆畢業生、夜間就讀中、原住民 、學生實習"," 1年以上 "," 專科以上 "," 不拘 "," 不拘 ","Excel、PowerPoint、Word"," 不拘 "
117,"上班族、應屆畢業生、日間就讀中、夜間就讀中、研發替代役、外籍人士、原住民 、二度就業、學生實習"," 不拘 "," 大學以上 "," 不拘 "," 英文 -- 聽 /精通、說 /精通、讀 /精通、寫 /精通  中文 -- 聽 /精通、說 /精通、讀 /精通、寫 /精通 ","Excel、Internet Explorer、PowerPoint、Visio、Word"," 不拘 "
118,"外籍人士、學生實習"," 不拘 "," 不拘 "," 不拘 "," 不拘 "," 不拘 "," 不拘 "
119,"上班族、應屆畢業生、日間就讀中、夜間就讀中、研發替代役、外籍人士、原住民 、二度就業、學生實習"," 不拘 "," 大學以上 "," 不拘 "," 其他外文 -- 聽 /精通、說 /精通、讀 /精通、寫 /精通  中文 -- 聽 /精通、說 /精通、讀 /精通、寫 /精通 ","Excel、Internet Explorer、PowerPoint、Visio、Word"," 不拘 "
120,"上班族、應屆畢業生、夜間就讀中、研發替代役、外籍人士、學生實習"," 1年以上 "," 大學以上 "," 不拘 "," 英文 -- 聽 /精通、說 /精通、讀 /精通、寫 /精通  中文 -- 聽 /精通、說 /精通、讀 /中等、寫 /中等  西班牙文 -- 聽 /精通、說 /精通、讀 /精通、寫 /精通 ","Adobe Acrobat、Excel、PowerPoint、Word","技術文件翻譯、書籍翻譯、講座╱研討會即時口譯、會議╱談判即時口譯"
121,"上班族、應屆畢業生、日間就讀中、夜間就讀中、研發替代役、外籍人士、原住民 、二度就業、學生實習"," 不拘 "," 大學以上 "," 不拘 "," 法文 -- 聽 /精通、說 /精通、讀 /精通、寫 /精通  中文 -- 聽 /精通、說 /精通、讀 /精通、寫 /精通 "," 不拘 "," 不拘 "
122,"上班族、應屆畢業生、日間就讀中、夜間就讀中、學生實習"," 不拘 "," 高中、專科、大學 "," 不拘 "," 不拘 "," 不拘 "," 不拘 "
123,"上班族、應屆畢業生、日間就讀中、夜間就讀中、研發替代役、外籍人士、原住民 、二度就業、學生實習"," 不拘 "," 大學以上 "," 不拘 "," 印尼文 -- 聽 /精通、說 /精通、讀 /精通、寫 /精通  中文 -- 聽 /精通、說 /精通、讀 /精通、寫 /精通 ","Excel、Internet Explorer、PowerPoint、Visio、Word"," 不拘 "
124,"上班族、應屆畢業生、日間就讀中、夜間就讀中、研發替代役、外籍人士、原住民 、二度就業、學生實習"," 不拘 "," 大學以上 "," 不拘 "," 泰文 -- 聽 /精通、說 /精通、讀 /精通、寫 /精通  中文 -- 聽 /精通、說 /精通、讀 /精通、寫 /精通 ","Excel、Internet Explorer、PowerPoint、Visio、Word"," 不拘 "
125,"上班族、應屆畢業生、日間就讀中、夜間就讀中、研發替代役、外籍人士、原住民 、二度就業、學生實習"," 不拘 "," 大學以上 "," 不拘 "," 其他外文 -- 聽 /精通、說 /精通、讀 /精通、寫 /精通  中文 -- 聽 /精通、說 /精通、讀 /精通、寫 /精通 ","Excel、Internet Explorer、PowerPoint、Visio、Word"," 不拘 "
126,"上班族、應屆畢業生、日間就讀中、夜間就讀中、研發替代役、外籍人士、原住民 、二度就業、學生實習"," 不拘 "," 大學以上 "," 不拘 "," 阿拉伯文 -- 聽 /精通、說 /精通、讀 /精通、寫 /精通  中文 -- 聽 /精通、說 /精通、讀 /精通、寫 /精通 ","Excel、Internet Explorer、PowerPoint、Visio、Word"," 不拘 "
127,"上班族、應屆畢業生、日間就讀中、夜間就讀中、研發替代役、外籍人士、原住民 、二度就業、學生實習"," 不拘 "," 大學以上 "," 不拘 "," 俄文 -- 聽 /精通、說 /精通、讀 /精通、寫 /精通  中文 -- 聽 /精通、說 /精通、讀 /精通、寫 /精通 ","Excel、Internet Explorer、PowerPoint、Visio、Word"," 不拘 "
128,"上班族、應屆畢業生、日間就讀中、夜間就讀中、研發替代役、外籍人士、原住民 、二度就業、學生實習"," 不拘 "," 大學以上 "," 不拘 "," 馬來文 -- 聽 /精通、說 /精通、讀 /精通、寫 /精通  中文 -- 聽 /精通、說 /精通、讀 /精通、寫 /精通 ","Excel、Internet Explorer、PowerPoint、Visio、Word"," 不拘 "
129,"上班族、應屆畢業生、日間就讀中、夜間就讀中、研發替代役、外籍人士、原住民 、二度就業、學生實習"," 不拘 "," 大學以上 "," 不拘 "," 其他外文 -- 聽 /精通、說 /精通、讀 /精通、寫 /精通  中文 -- 聽 /精通、說 /精通、讀 /精通、寫 /精通 ","Excel、Internet Explorer、PowerPoint、Visio、Word"," 不拘 "
130,"上班族、應屆畢業生、日間就讀中、夜間就讀中、研發替代役、外籍人士、原住民 、二度就業、學生實習"," 不拘 "," 大學以上 "," 不拘 "," 葡萄牙文 -- 聽 /精通、說 /精通、讀 /精通、寫 /精通  中文 -- 聽 /精通、說 /精通、讀 /精通、寫 /精通 ","Excel、Internet Explorer、PowerPoint、Visio、Word"," 不拘 "
131,"上班族、應屆畢業生、日間就讀中、夜間就讀中、研發替代役、外籍人士、原住民 、二度就業、學生實習"," 不拘 "," 大學以上 "," 不拘 "," 其他外文 -- 聽 /精通、說 /精通、讀 /精通、寫 /精通  中文 -- 聽 /精通、說 /精通、讀 /精通、寫 /精通 ","Excel、Internet Explorer、PowerPoint、Visio、Word"," 不拘 "
132,"上班族、應屆畢業生、日間就讀中、夜間就讀中、研發替代役、外籍人士、原住民 、二度就業、學生實習"," 不拘 "," 大學以上 "," 不拘 "," 其他外文 -- 聽 /精通、說 /精通、讀 /精通、寫 /精通  中文 -- 聽 /精通、說 /精通、讀 /精通、寫 /精通 ","Excel、Internet Explorer、PowerPoint、Visio、Word"," 不拘 "
133,"上班族、應屆畢業生、日間就讀中、夜間就讀中、研發替代役、外籍人士、原住民 、二度就業、學生實習"," 不拘 "," 大學以上 "," 不拘 "," 其他外文 -- 聽 /精通、說 /精通、讀 /精通、寫 /精通  中文 -- 聽 /精通、說 /精通、讀 /精通、寫 /精通 ","Excel、Internet Explorer、PowerPoint、Visio、Word"," 不拘 "
134,"上班族、應屆畢業生、日間就讀中、夜間就讀中、研發替代役、外籍人士、原住民 、二度就業、學生實習"," 不拘 "," 大學以上 "," 不拘 "," 其他外文 -- 聽 /精通、說 /精通、讀 /精通、寫 /精通  中文 -- 聽 /精通、說 /精通、讀 /精通、寫 /精通 ","Excel、Internet Explorer、PowerPoint、Visio、Word"," 不拘 "
135,"上班族、應屆畢業生、日間就讀中、夜間就讀中、研發替代役、外籍人士、原住民 、二度就業、學生實習"," 不拘 "," 大學以上 "," 不拘 "," 其他外文 -- 聽 /精通、說 /精通、讀 /精通、寫 /精通  中文 -- 聽 /精通、說 /精通、讀 /精通、寫 /精通 ","Excel、Internet Explorer、PowerPoint、Visio、Word"," 不拘 "
136,"上班族、應屆畢業生、日間就讀中、夜間就讀中、研發替代役、外籍人士、原住民 、二度就業、學生實習"," 不拘 "," 大學以上 "," 不拘 "," 其他外文 -- 聽 /精通、說 /精通、讀 /精通、寫 /精通  中文 -- 聽 /精通、說 /精通、讀 /精通、寫 /精通 ","Excel、Internet Explorer、PowerPoint、Visio、Word"," 不拘 "
137,"上班族、應屆畢業生、日間就讀中、夜間就讀中、研發替代役、外籍人士、原住民 、二度就業、學生實習"," 不拘 "," 大學以上 "," 不拘 "," 其他外文 -- 聽 /精通、說 /精通、讀 /精通、寫 /精通  中文 -- 聽 /精通、說 /精通、讀 /精通、寫 /精通 ","Excel、Internet Explorer、PowerPoint、Visio、Word"," 不拘 "
138,"上班族、應屆畢業生、日間就讀中、夜間就讀中、研發替代役、外籍人士、原住民 、二度就業、學生實習"," 不拘 "," 大學以上 "," 不拘 "," 其他外文 -- 聽 /精通、說 /精通、讀 /精通、寫 /精通  中文 -- 聽 /精通、說 /精通、讀 /精通、寫 /精通 ","Excel、Internet Explorer、PowerPoint、Visio、Word"," 不拘 "
139,"上班族、應屆畢業生、日間就讀中、夜間就讀中、研發替代役、外籍人士、原住民 、二度就業、學生實習"," 不拘 "," 大學以上 "," 不拘 "," 其他外文 -- 聽 /精通、說 /精通、讀 /精通、寫 /精通  中文 -- 聽 /精通、說 /精通、讀 /精通、寫 /精通 ","Excel、Internet Explorer、PowerPoint、Visio、Word"," 不拘 "
140,"上班族、應屆畢業生、日間就讀中、夜間就讀中、研發替代役、外籍人士、原住民 、二度就業、學生實習"," 不拘 "," 大學以上 "," 不拘 "," 其他外文 -- 聽 /精通、說 /精通、讀 /精通、寫 /精通  中文 -- 聽 /精通、說 /精通、讀 /精通、寫 /精通 ","Excel、Internet Explorer、PowerPoint、Visio、Word"," 不拘 "
141,"上班族、應屆畢業生、日間就讀中、夜間就讀中、研發替代役、外籍人士、原住民 、二度就業、學生實習"," 不拘 "," 大學以上 "," 不拘 "," 其他外文 -- 聽 /精通、說 /精通、讀 /精通、寫 /精通  中文 -- 聽 /精通、說 /精通、讀 /精通、寫 /精通 ","Excel、Internet Explorer、PowerPoint、Visio、Word"," 不拘 "
142,"上班族、應屆畢業生、日間就讀中、夜間就讀中、研發替代役、外籍人士、原住民 、二度就業、學生實習"," 不拘 "," 大學以上 "," 不拘 "," 其他外文 -- 聽 /精通、說 /精通、讀 /精通、寫 /精通  中文 -- 聽 /精通、說 /精通、讀 /精通、寫 /精通 ","Excel、Internet Explorer、PowerPoint、Visio、Word"," 不拘 "
143,"上班族、應屆畢業生、日間就讀中、夜間就讀中、研發替代役、外籍人士、原住民 、二度就業、學生實習"," 不拘 "," 大學以上 "," 不拘 "," 其他外文 -- 聽 /精通、說 /精通、讀 /精通、寫 /精通  中文 -- 聽 /精通、說 /精通、讀 /精通、寫 /精通 ","Excel、Internet Explorer、PowerPoint、Visio、Word"," 不拘 "
144,"上班族、應屆畢業生、日間就讀中、夜間就讀中、研發替代役、外籍人士、原住民 、二度就業、學生實習"," 不拘 "," 大學以上 "," 不拘 "," 其他外文 -- 聽 /精通、說 /精通、讀 /精通、寫 /精通  中文 -- 聽 /精通、說 /精通、讀 /精通、寫 /精通 ","Excel、Internet Explorer、PowerPoint、Visio、Word"," 不拘 "
145,"上班族、應屆畢業生、日間就讀中、夜間就讀中、研發替代役、外籍人士、原住民 、二度就業、學生實習"," 不拘 "," 大學以上 "," 不拘 "," 其他外文 -- 聽 /精通、說 /精通、讀 /精通、寫 /精通  中文 -- 聽 /精通、說 /精通、讀 /精通、寫 /精通 ","Excel、Internet Explorer、PowerPoint、Visio、Word"," 不拘 "
146,"上班族、應屆畢業生、日間就讀中、夜間就讀中、研發替代役、外籍人士、原住民 、二度就業、學生實習"," 不拘 "," 大學以上 "," 不拘 "," 其他外文 -- 聽 /精通、說 /精通、讀 /精通、寫 /精通  中文 -- 聽 /精通、說 /精通、讀 /精通、寫 /精通 ","Excel、Internet Explorer、PowerPoint、Visio、Word"," 不拘 "
147,"上班族、應屆畢業生、日間就讀中、夜間就讀中、研發替代役、外籍人士、原住民 、二度就業、學生實習"," 不拘 "," 大學以上 "," 不拘 "," 其他外文 -- 聽 /精通、說 /精通、讀 /精通、寫 /精通  中文 -- 聽 /精通、說 /精通、讀 /精通、寫 /精通 ","Excel、Internet Explorer、PowerPoint、Visio、Word"," 不拘 "
148,"上班族、應屆畢業生、日間就讀中、夜間就讀中、研發替代役、外籍人士、原住民 、二度就業、學生實習"," 不拘 "," 大學以上 "," 不拘 "," 其他外文 -- 聽 /精通、說 /精通、讀 /精通、寫 /精通  中文 -- 聽 /精通、說 /精通、讀 /精通、寫 /精通 ","Excel、Internet Explorer、PowerPoint、Visio、Word"," 不拘 "
149,"上班族、應屆畢業生、日間就讀中、夜間就讀中、研發替代役、外籍人士、原住民 、二度就業、學生實習"," 不拘 "," 大學以上 "," 不拘 "," 其他外文 -- 聽 /精通、說 /精通、讀 /精通、寫 /精通  中文 -- 聽 /精通、說 /精通、讀 /精通、寫 /精通 ","Excel、Internet Explorer、PowerPoint、Visio、Word"," 不拘 "
150,"上班族、應屆畢業生、日間就讀中、夜間就讀中、研發替代役、外籍人士、原住民 、二度就業、學生實習"," 不拘 "," 大學以上 "," 不拘 "," 其他外文 -- 聽 /精通、說 /精通、讀 /精通、寫 /精通  中文 -- 聽 /精通、說 /精通、讀 /精通、寫 /精通 ","Excel、Internet Explorer、PowerPoint、Visio、Word"," 不拘 "
151,"上班族、應屆畢業生、日間就讀中、夜間就讀中、研發替代役、外籍人士、原住民 、二度就業、學生實習"," 不拘 "," 大學以上 "," 不拘 "," 其他外文 -- 聽 /精通、說 /精通、讀 /精通、寫 /精通  中文 -- 聽 /精通、說 /精通、讀 /精通、寫 /精通 ","Excel、Internet Explorer、PowerPoint、Visio、Word"," 不拘 "
152,"上班族、應屆畢業生、日間就讀中、夜間就讀中、研發替代役、外籍人士、原住民 、二度就業、學生實習"," 不拘 "," 大學以上 "," 不拘 "," 其他外文 -- 聽 /精通、說 /精通、讀 /精通、寫 /精通  中文 -- 聽 /精通、說 /精通、讀 /精通、寫 /精通 ","Excel、Internet Explorer、PowerPoint、Visio、Word"," 不拘 "
153,"上班族、應屆畢業生、日間就讀中、夜間就讀中、研發替代役、外籍人士、原住民 、二度就業、學生實習"," 不拘 "," 大學以上 "," 不拘 "," 其他外文 -- 聽 /精通、說 /精通、讀 /精通、寫 /精通  中文 -- 聽 /精通、說 /精通、讀 /精通、寫 /精通 ","Excel、Internet Explorer、PowerPoint、Visio、Word"," 不拘 "
154,"上班族、應屆畢業生、日間就讀中、夜間就讀中、研發替代役、外籍人士、原住民 、二度就業、學生實習"," 不拘 "," 大學以上 "," 不拘 "," 其他外文 -- 聽 /精通、說 /精通、讀 /精通、寫 /精通  中文 -- 聽 /精通、說 /精通、讀 /精通、寫 /精通 ","Excel、Internet Explorer、PowerPoint、Visio、Word"," 不拘 "
155,"上班族、應屆畢業生、日間就讀中、夜間就讀中、研發替代役、外籍人士、原住民 、二度就業、學生實習"," 不拘 "," 大學以上 "," 不拘 "," 其他外文 -- 聽 /精通、說 /精通、讀 /精通、寫 /精通  中文 -- 聽 /精通、說 /精通、讀 /精通、寫 /精通 ","Excel、Internet Explorer、PowerPoint、Visio、Word"," 不拘 "
156,"上班族、應屆畢業生、日間就讀中、夜間就讀中、研發替代役、外籍人士、原住民 、二度就業、學生實習"," 不拘 "," 大學以上 "," 不拘 "," 其他外文 -- 聽 /精通、說 /精通、讀 /精通、寫 /精通  中文 -- 聽 /精通、說 /精通、讀 /精通、寫 /精通 ","Excel、Internet Explorer、PowerPoint、Visio、Word"," 不拘 "
157,"上班族、應屆畢業生、日間就讀中、夜間就讀中、研發替代役、外籍人士、原住民 、二度就業、學生實習"," 不拘 "," 大學以上 "," 不拘 "," 其他外文 -- 聽 /精通、說 /精通、讀 /精通、寫 /精通  中文 -- 聽 /精通、說 /精通、讀 /精通、寫 /精通 ","Excel、Internet Explorer、PowerPoint、Visio、Word"," 不拘 "
158,"上班族、應屆畢業生、日間就讀中、夜間就讀中、研發替代役、外籍人士、原住民 、二度就業、學生實習"," 不拘 "," 大學以上 "," 不拘 "," 其他外文 -- 聽 /精通、說 /精通、讀 /精通、寫 /精通  中文 -- 聽 /精通、說 /精通、讀 /精通、寫 /精通 ","Excel、Internet Explorer、PowerPoint、Visio、Word"," 不拘 "
159,"上班族、應屆畢業生、日間就讀中、夜間就讀中、研發替代役、外籍人士、原住民 、二度就業、學生實習"," 不拘 "," 大學以上 "," 不拘 "," 其他外文 -- 聽 /精通、說 /精通、讀 /精通、寫 /精通  中文 -- 聽 /精通、說 /精通、讀 /精通、寫 /精通 ","Excel、Internet Explorer、PowerPoint、Visio、Word"," 不拘 "
160,"上班族、應屆畢業生、日間就讀中、夜間就讀中、研發替代役、外籍人士、原住民 、二度就業、學生實習"," 不拘 "," 大學以上 "," 不拘 "," 其他外文 -- 聽 /精通、說 /精通、讀 /精通、寫 /精通  中文 -- 聽 /精通、說 /精通、讀 /精通、寫 /精通 ","Excel、Internet Explorer、PowerPoint、Visio、Word"," 不拘 "
161,"上班族、應屆畢業生、日間就讀中、夜間就讀中、研發替代役、外籍人士、原住民 、二度就業、學生實習"," 不拘 "," 大學以上 "," 不拘 "," 其他外文 -- 聽 /精通、說 /精通、讀 /精通、寫 /精通  中文 -- 聽 /精通、說 /精通、讀 /精通、寫 /精通 ","Excel、Internet Explorer、PowerPoint、Visio、Word"," 不拘 "
162,"上班族、應屆畢業生、日間就讀中、夜間就讀中、研發替代役、外籍人士、原住民 、二度就業、學生實習"," 不拘 "," 大學以上 "," 不拘 "," 其他外文 -- 聽 /精通、說 /精通、讀 /精通、寫 /精通  中文 -- 聽 /精通、說 /精通、讀 /精通、寫 /精通 ","Excel、Internet Explorer、PowerPoint、Visio、Word"," 不拘 "
163,"上班族、應屆畢業生、日間就讀中、夜間就讀中、研發替代役、外籍人士、原住民 、二度就業、學生實習"," 不拘 "," 大學以上 "," 不拘 "," 其他外文 -- 聽 /精通、說 /精通、讀 /精通、寫 /精通  中文 -- 聽 /精通、說 /精通、讀 /精通、寫 /精通 ","Excel、Internet Explorer、PowerPoint、Visio、Word"," 不拘 "
164,"上班族、應屆畢業生、日間就讀中、夜間就讀中、研發替代役、外籍人士、原住民 、二度就業、學生實習"," 不拘 "," 大學以上 "," 不拘 "," 其他外文 -- 聽 /精通、說 /精通、讀 /精通、寫 /精通  中文 -- 聽 /精通、說 /精通、讀 /精通、寫 /精通 ","Excel、Internet Explorer、PowerPoint、Visio、Word"," 不拘 "
165,"上班族、應屆畢業生、日間就讀中、夜間就讀中、研發替代役、外籍人士、原住民 、二度就業、學生實習"," 不拘 "," 大學以上 "," 不拘 "," 其他外文 -- 聽 /精通、說 /精通、讀 /精通、寫 /精通  中文 -- 聽 /精通、說 /精通、讀 /精通、寫 /精通 ","Excel、Internet Explorer、PowerPoint、Visio、Word"," 不拘 "
166,"上班族、應屆畢業生、日間就讀中、夜間就讀中、研發替代役、外籍人士、原住民 、二度就業、學生實習"," 不拘 "," 大學以上 "," 不拘 "," 其他外文 -- 聽 /精通、說 /精通、讀 /精通、寫 /精通  中文 -- 聽 /精通、說 /精通、讀 /精通、寫 /精通 ","Excel、Internet Explorer、PowerPoint、Visio、Word"," 不拘 "
167,"上班族、應屆畢業生、日間就讀中、夜間就讀中、研發替代役、外籍人士、原住民 、二度就業、學生實習"," 不拘 "," 大學以上 "," 不拘 "," 其他外文 -- 聽 /精通、說 /精通、讀 /精通、寫 /精通  中文 -- 聽 /精通、說 /精通、讀 /精通、寫 /精通 ","Excel、Internet Explorer、PowerPoint、Visio、Word"," 不拘 "
168,"上班族、應屆畢業生、日間就讀中、夜間就讀中、研發替代役、外籍人士、原住民 、二度就業、學生實習"," 不拘 "," 大學以上 "," 不拘 "," 其他外文 -- 聽 /精通、說 /精通、讀 /精通、寫 /精通  中文 -- 聽 /精通、說 /精通、讀 /精通、寫 /精通 ","Excel、Internet Explorer、PowerPoint、Visio、Word"," 不拘 "
169,"上班族、應屆畢業生、日間就讀中、夜間就讀中、研發替代役、外籍人士、原住民 、二度就業、學生實習"," 不拘 "," 大學以上 "," 不拘 "," 義大利文 -- 聽 /精通、說 /精通、讀 /精通、寫 /精通  中文 -- 聽 /精通、說 /精通、讀 /精通、寫 /精通 ","Excel、Internet Explorer、PowerPoint、Visio、Word"," 不拘 "
170,"上班族、應屆畢業生、日間就讀中、夜間就讀中、研發替代役、外籍人士、原住民 、二度就業、學生實習"," 不拘 "," 大學以上 "," 不拘 "," 其他外文 -- 聽 /精通、說 /精通、讀 /精通、寫 /精通  中文 -- 聽 /精通、說 /精通、讀 /精通、寫 /精通 ","Excel、Internet Explorer、PowerPoint、Visio、Word"," 不拘 "
171,"上班族、應屆畢業生、日間就讀中、夜間就讀中、研發替代役、外籍人士、原住民 、二度就業、學生實習"," 不拘 "," 大學以上 "," 不拘 "," 其他外文 -- 聽 /精通、說 /精通、讀 /精通、寫 /精通  中文 -- 聽 /精通、說 /精通、讀 /精通、寫 /精通 ","Excel、Internet Explorer、PowerPoint、Visio、Word"," 不拘 "
172,"上班族、應屆畢業生、日間就讀中、夜間就讀中、研發替代役、外籍人士、原住民 、二度就業、學生實習"," 不拘 "," 大學以上 "," 不拘 "," 其他外文 -- 聽 /精通、說 /精通、讀 /精通、寫 /精通  中文 -- 聽 /精通、說 /精通、讀 /精通、寫 /精通 ","Excel、Internet Explorer、PowerPoint、Visio、Word"," 不拘 "
173,"上班族、應屆畢業生、日間就讀中、夜間就讀中、研發替代役、外籍人士、原住民 、二度就業、學生實習歡迎肢體障礙(下肢)(輕度)、肢體障礙(軀幹)、顏面損傷的身心障礙人士 "," 1年以上 "," 專科以上 "," 不拘 "," 不拘 "," 不拘 "," 不拘 "
174,"學生實習"," 不拘 "," 專科以上 "," 不拘 "," 越文 -- 聽 /略懂、說 /略懂、讀 /中等、寫 /中等  中文 -- 聽 /中等、說 /中等、讀 /中等、寫 /中等 ","Excel、PowerPoint","網站流量成效追蹤、廣告企劃案╱文案撰寫"
175,"應屆畢業生、日間就讀中、夜間就讀中、學生實習"," 不拘 "," 高中以上 "," 不拘 "," 英文 -- 聽 /精通、說 /精通、讀 /精通、寫 /精通 "," 不拘 ","技術文件翻譯、新聞╱報紙翻譯、雜誌翻譯"
176,"應屆畢業生、日間就讀中、夜間就讀中、外籍人士、原住民 、學生實習"," 不拘 "," 大學以上 "," 不拘 "," 不拘 "," 不拘 "," 不拘 "
177,"上班族、應屆畢業生、日間就讀中、夜間就讀中、研發替代役、外籍人士、原住民 、二度就業、學生實習"," 不拘 "," 大學 "," 不拘 "," 不拘 "," 不拘 "," 不拘 "
178,"上班族、應屆畢業生、日間就讀中、研發替代役、原住民 、二度就業、中壯齡 、中高齡 、學生實習"," 不拘 "," 專科以上 "," 不拘 "," 不拘 "," 不拘 "," 不拘 "
179,"上班族、應屆畢業生、日間就讀中、夜間就讀中、外籍人士、學生實習"," 不拘 "," 大學、碩士 "," 不拘 "," 英文 -- 聽 /精通、說 /精通、讀 /精通、寫 /精通 "," 不拘 "," 不拘 "
180,"上班族、應屆畢業生、日間就讀中、夜間就讀中、研發替代役、外籍人士、原住民 、二度就業、學生實習"," 不拘 "," 大學 "," 不拘 "," 不拘 "," 不拘 "," 不拘 "
181,"應屆畢業生、日間就讀中、夜間就讀中、學生實習"," 不拘 "," 大學以上 "," 不拘 "," 英文 -- 聽 /中等、說 /中等、讀 /中等、寫 /中等 "," 不拘 "," 不拘 "
182,"上班族、應屆畢業生、日間就讀中、夜間就讀中、學生實習"," 不拘 "," 專科以上 "," 不拘 "," 日文 -- 聽 /中等、說 /中等、讀 /中等、寫 /中等 "," 不拘 "," 不拘 "
183,"日間就讀中、夜間就讀中、學生實習"," 不拘 "," 大學 "," 不拘 "," 不拘 "," 不拘 "," 不拘 "
184,"應屆畢業生、日間就讀中、夜間就讀中、學生實習"," 不拘 "," 不拘 "," 不拘 "," 泰文 -- 聽 /精通、說 /精通、讀 /精通、寫 /精通 "," 不拘 ","文書處理╱排版能力、電話接聽與人員接待事項、行銷製作物規劃與執行、提案與簡報技巧、市場調查企劃與執行、市場調查資料分析與報告撰寫、廣告設計概念"
185,"上班族、應屆畢業生、日間就讀中、外籍人士、學生實習"," 不拘 "," 大學以上 "," 不拘 "," 不拘 "," 不拘 "," 不拘 "
186,"上班族、應屆畢業生、日間就讀中、夜間就讀中、研發替代役、外籍人士、原住民 、二度就業、學生實習"," 不拘 "," 不拘 "," 不拘 "," 不拘 "," 不拘 "," 不拘 "
187,"上班族、應屆畢業生、日間就讀中、外籍人士、學生實習"," 不拘 "," 大學以上 "," 不拘 "," 不拘 "," 不拘 "," 不拘 "
188,"上班族、應屆畢業生、日間就讀中、外籍人士、學生實習"," 不拘 "," 大學以上 "," 不拘 "," 不拘 "," 不拘 "," 不拘 "
189,"上班族、應屆畢業生、日間就讀中、夜間就讀中、學生實習"," 不拘 "," 專科以上 "," 不拘 "," 印尼文 -- 聽 /中等、說 /中等、讀 /中等、寫 /中等 "," 不拘 "," 不拘 "
190,"上班族、應屆畢業生、日間就讀中、夜間就讀中、研發替代役、外籍人士、原住民 、二度就業、學生實習"," 不拘 "," 專科以上 "," 不拘 "," 日文 -- 聽 /中等、說 /中等、讀 /精通、寫 /中等 "," 不拘 "," 不拘 "
191,"上班族、應屆畢業生、日間就讀中、外籍人士、學生實習"," 不拘 "," 大學以上 "," 不拘 "," 不拘 "," 不拘 "," 不拘 "
192,"上班族、應屆畢業生、日間就讀中、夜間就讀中、中壯齡 、學生實習"," 不拘 "," 大學以上 "," 不拘 "," 不拘 "," 不拘 ","品牌行銷管理、網路活動規劃與執行、社群媒體經營管理"
193,"應屆畢業生、日間就讀中、夜間就讀中、外籍人士、原住民 、學生實習"," 不拘 "," 大學以上 "," 不拘 "," 不拘 "," 不拘 "," 不拘 "
194,"應屆畢業生、日間就讀中、夜間就讀中、外籍人士、原住民 、學生實習"," 不拘 "," 大學以上 "," 不拘 "," 不拘 "," 不拘 "," 不拘 "
195,"上班族、應屆畢業生、日間就讀中、外籍人士、學生實習"," 不拘 "," 大學以上 "," 不拘 "," 中文 -- 聽 /精通、說 /精通、讀 /精通、寫 /精通  泰文 -- 聽 /精通、說 /精通、讀 /精通、寫 /精通 "," 不拘 "," 不拘 "
196,"上班族、應屆畢業生、日間就讀中、外籍人士、學生實習"," 不拘 "," 大學以上 "," 不拘 "," 不拘 "," 不拘 "," 不拘 "
197,"上班族、應屆畢業生、日間就讀中、外籍人士、學生實習"," 不拘 "," 大學以上 "," 不拘 "," 俄文 -- 聽 /精通、說 /精通、讀 /精通、寫 /精通 "," 不拘 "," 不拘 "
198,"應屆畢業生、日間就讀中、外籍人士、二度就業、學生實習"," 不拘 "," 專科、大學、碩士 "," 英美語文相關 "," 不拘 "," 不拘 "," 不拘 "
199,"應屆畢業生、日間就讀中、夜間就讀中、外籍人士、學生實習"," 不拘 "," 大學以上 "," 不拘 "," 中文 -- 聽 /精通、說 /精通、讀 /精通、寫 /精通  英文 -- 聽 /精通、說 /精通、讀 /精通、寫 /精通 ","Excel、PowerPoint、Word"," 不拘 "
200,"上班族、應屆畢業生、日間就讀中、夜間就讀中、學生實習"," 不拘 "," 專科以上 "," 不拘 "," 台語 -- 略懂 "," 不拘 "," 不拘 "
201,"日間就讀中、夜間就讀中、學生實習"," 不拘 "," 大學、碩士 "," 不拘 "," 不拘 ","Excel、PowerPoint","文書處理╱排版能力、報表彙整與管理、市場調查資料分析與報告撰寫"
202,"上班族、應屆畢業生、日間就讀中、夜間就讀中、外籍人士、學生實習"," 不拘 "," 不拘 "," 不拘 "," 不拘 "," 不拘 "," 不拘 "
203,"應屆畢業生、日間就讀中、夜間就讀中、原住民 、二度就業、學生實習"," 不拘 "," 高中、專科、大學、碩士 "," 不拘 "," 不拘 ","Excel、PowerPoint、Word、Premiere","新聞╱報紙翻譯"
204,"上班族、應屆畢業生、日間就讀中、夜間就讀中、研發替代役、原住民 、學生實習"," 不拘 "," 大學以上 "," 不拘 "," 不拘 "," 不拘 "," 不拘 "
205,"學生實習"," 不拘 "," 高中以上 "," 大眾傳播學科類、體育相關、電影藝術相關 "," 中文 -- 聽 /精通、說 /中等、讀 /精通、寫 /精通  英文 -- 聽 /精通、說 /略懂、讀 /精通、寫 /略懂 ","Mac OS、Windows 8、Adobe Acrobat、Internet Explorer、Word、After Effects、Premiere、Adobe Photoshop","行銷製作物規劃與執行、異業合作規劃與執行、品牌知名度推廣、顧客關係管理、社群媒體經營管理、廣告效益評估、各式影片剪接後製作業、執行影片拍攝作業、運動評估與5Q"
206,"外籍人士、學生實習"," 不拘 "," 大學以上 "," 不拘 "," 法文 -- 聽 /精通、說 /精通、讀 /精通、寫 /精通  英文 -- 聽 /中等、說 /中等、讀 /精通、寫 /中等 "," 不拘 "," 不拘 "
207,"外籍人士、學生實習"," 不拘 "," 大學以上 "," 不拘 "," 阿拉伯文 -- 聽 /精通、說 /精通、讀 /精通、寫 /精通  英文 -- 聽 /中等、說 /中等、讀 /中等、寫 /中等 "," 不拘 "," 不拘 "
208,"外籍人士、學生實習"," 不拘 "," 大學以上 "," 不拘 "," 西班牙文 -- 聽 /精通、說 /精通、讀 /精通、寫 /精通  英文 -- 聽 /中等、說 /中等、讀 /精通、寫 /中等 "," 不拘 "," 不拘 "
209,"學生實習"," 不拘 "," 高中以上 "," 語文及人文學科類、大眾傳播學科類、體育相關 "," 中文 -- 聽 /精通、說 /中等、讀 /精通、寫 /精通  英文 -- 聽 /精通、說 /略懂、讀 /精通、寫 /略懂 ","Mac OS、Windows 8、Adobe Acrobat、Excel、Internet Explorer、PowerPoint、Word、Adobe Photoshop","行銷製作物規劃與執行、異業合作規劃與執行、品牌知名度推廣、顧客關係管理、社群媒體經營管理、公關新聞稿撰寫與報導、廣告效益評估、新聞╱報紙翻譯、運動評估與5Q"
210,"上班族、應屆畢業生、日間就讀中、夜間就讀中、研發替代役、外籍人士、原住民 、二度就業、學生實習"," 不拘 "," 碩士以上 "," 不拘 "," 不拘 ","Excel、Word"," 不拘 "
211,"上班族、應屆畢業生、日間就讀中、夜間就讀中、研發替代役、外籍人士、原住民 、二度就業、學生實習"," 1年以上 "," 不拘 "," 不拘 "," 印尼文 -- 聽 /精通、說 /精通、讀 /精通、寫 /精通 "," 不拘 "," 不拘 "
212,"應屆畢業生、日間就讀中、夜間就讀中、學生實習"," 1年以上 "," 大學 "," 不拘 "," 中文 -- 聽 /精通、說 /精通、讀 /精通、寫 /精通  英文 -- 聽 /略懂、說 /略懂、讀 /略懂、寫 /略懂 ","Excel、PowerPoint、Word、Adobe Photoshop、Illustrator","行銷製作物規劃與執行、提案與簡報技巧、網路活動規劃與執行、社群媒體經營管理、廣告企劃案╱文案撰寫、廣告創意發想與提案"
213,"上班族、應屆畢業生、日間就讀中、夜間就讀中、學生實習"," 不拘 "," 專科、大學、碩士 "," 大眾傳播學科類、語文及人文學科類 "," 不拘 "," 不拘 ","文書處理╱排版能力、文件檔案資料處理、轉換及整合工作"
214,"上班族、應屆畢業生、日間就讀中、夜間就讀中、研發替代役、外籍人士、原住民 、二度就業、學生實習"," 1年以上 "," 大學以上 "," 不拘 "," 中文 -- 聽 /精通、說 /精通、讀 /精通、寫 /精通  英文 -- 聽 /中等、說 /中等、讀 /中等、寫 /中等 ","Excel、PowerPoint、Word"," 不拘 "
215,"上班族、應屆畢業生、日間就讀中、夜間就讀中、研發替代役、原住民 、二度就業、中壯齡 、中高齡 、學生實習"," 不拘 "," 大學以上 "," 不拘 "," 不拘 "," 不拘 "," 不拘 "
216,"上班族、應屆畢業生、日間就讀中、夜間就讀中、研發替代役、原住民 、二度就業、中壯齡 、中高齡 、學生實習"," 不拘 "," 大學以上 "," 不拘 "," 不拘 "," 不拘 "," 不拘 "
217,"上班族、應屆畢業生、研發替代役、外籍人士、原住民 、二度就業、學生實習"," 1年以上 "," 大學以上 "," 不拘 "," 不拘 "," 不拘 "," 不拘 "
218,"上班族、應屆畢業生、日間就讀中、夜間就讀中、學生實習"," 不拘 "," 大學以上 "," 不拘 "," 日文 -- 聽 /精通、說 /精通、讀 /精通、寫 /精通 "," 不拘 "," 不拘 "
219,"學生實習"," 不拘 "," 大學以上 "," 不拘 "," 英文 -- 聽 /中等、說 /中等、讀 /中等、寫 /中等 ","Adobe Photoshop、Illustrator"," 不拘 "
220,"上班族、應屆畢業生、夜間就讀中、學生實習"," 不拘 "," 專科以上 "," 不拘 "," 不拘 "," 不拘 "," 不拘 "
221,"日間就讀中、夜間就讀中、學生實習"," 不拘 "," 大學以上 "," 不拘 "," 英文 -- 聽 /精通、說 /中等、讀 /精通、寫 /中等 "," 不拘 "," 不拘 "
222,"上班族、應屆畢業生、日間就讀中、夜間就讀中、學生實習"," 不拘 "," 大學以上 "," 不拘 "," 不拘 "," 不拘 "," 不拘 "
223,"上班族、應屆畢業生、日間就讀中、夜間就讀中、外籍人士、原住民 、二度就業、學生實習"," 不拘 "," 大學以上 "," 語言學相關、其他外國語文相關 "," 馬來文 -- 聽 /精通、說 /中等、讀 /精通、寫 /精通 "," 不拘 "," 不拘 "
224,"上班族、應屆畢業生、日間就讀中、夜間就讀中、外籍人士、原住民 、二度就業、學生實習"," 不拘 "," 大學以上 "," 語言學相關、其他外國語文相關 "," 日文 -- 聽 /精通、說 /精通、讀 /精通、寫 /精通  英文 -- 聽 /精通、說 /精通、讀 /精通、寫 /精通 "," 不拘 "," 不拘 "
225,"學生實習"," 不拘 "," 大學以上 "," 心理學相關、社會學相關、其他經社心理相關 "," 英文 -- 聽 /中等、說 /中等、讀 /中等、寫 /中等 ","Word"," 不拘 "
226,"外籍人士、學生實習"," 不拘 "," 大學以上 "," 不拘 "," 英文 -- 聽 /精通、說 /精通、讀 /精通、寫 /精通  中文 -- 聽 /中等、說 /中等、讀 /中等、寫 /略懂 "," 不拘 "," 不拘 "
227,"上班族、應屆畢業生、日間就讀中、夜間就讀中、研發替代役、外籍人士、原住民 、二度就業、中壯齡 、中高齡 、學生實習"," 不拘 "," 不拘 "," 不拘 "," 不拘 "," 不拘 "," 不拘 "
228,"上班族、應屆畢業生、日間就讀中、夜間就讀中、研發替代役、外籍人士、原住民 、二度就業、學生實習"," 不拘 "," 專科以上 "," 不拘 "," 英文 -- 聽 /中等、說 /中等、讀 /精通、寫 /精通 "," 不拘 "," 不拘 "
229,"上班族、應屆畢業生、日間就讀中、夜間就讀中、研發替代役、外籍人士、原住民 、二度就業、學生實習"," 不拘 "," 專科以上 "," 不拘 "," 日文 -- 聽 /中等、說 /中等、讀 /精通、寫 /精通 "," 不拘 "," 不拘 "
230,"上班族、應屆畢業生、日間就讀中、夜間就讀中、研發替代役、外籍人士、原住民 、二度就業、學生實習"," 不拘 "," 專科以上 "," 不拘 "," 德文 -- 聽 /中等、說 /中等、讀 /精通、寫 /精通 "," 不拘 "," 不拘 "
231,"上班族、應屆畢業生、日間就讀中、夜間就讀中、研發替代役、外籍人士、原住民 、二度就業、學生實習"," 不拘 "," 專科以上 "," 不拘 "," 韓文 -- 聽 /中等、說 /中等、讀 /精通、寫 /精通 "," 不拘 "," 不拘 "
232,"上班族、應屆畢業生、日間就讀中、夜間就讀中、研發替代役、外籍人士、原住民 、二度就業、學生實習"," 不拘 "," 專科以上 "," 不拘 "," 日文 -- 聽 /中等、說 /中等、讀 /精通、寫 /精通 "," 不拘 "," 不拘 "
233,"應屆畢業生、日間就讀中、夜間就讀中、學生實習"," 不拘 "," 大學、碩士 "," 不拘 "," 英文 -- 聽 /中等、說 /中等、讀 /中等、寫 /中等  中文 -- 聽 /中等、說 /中等、讀 /中等、寫 /中等  越文 -- 聽 /精通、說 /精通、讀 /精通、寫 /精通 "," 不拘 "," 不拘 "
234,"日間就讀中、夜間就讀中、學生實習"," 不拘 "," 大學、碩士 "," 不拘 "," 英文 -- 聽 /中等、說 /中等、讀 /中等、寫 /中等  越文 -- 聽 /精通、說 /精通、讀 /精通、寫 /精通 ","Excel、PowerPoint、Word"," 不拘 "
235,"上班族、應屆畢業生、日間就讀中、夜間就讀中、原住民 、學生實習"," 不拘 "," 大學 "," 新聞學相關、大眾傳播學相關、廣播電視相關 "," 不拘 ","Adobe Photoshop","提案與簡報技巧、社群媒體經營管理"
236,"上班族、應屆畢業生、日間就讀中、夜間就讀中、原住民 、學生實習"," 不拘 "," 大學以上 "," 數學及電算機科學學科類、自然科學學科類 "," 不拘 ","中文打字50~75、英文打字50~75"," 不拘 "
237,"上班族、應屆畢業生、日間就讀中、夜間就讀中、原住民 、二度就業、學生實習"," 不拘 "," 專科以上 "," 不拘 "," 不拘 "," 不拘 "," 不拘 "
238,"日間就讀中、夜間就讀中、學生實習"," 不拘 "," 專科以上 "," 不拘 "," 不拘 "," 不拘 "," 不拘 "
239,"上班族、應屆畢業生、日間就讀中、夜間就讀中、研發替代役、外籍人士、原住民 、二度就業、學生實習"," 不拘 "," 專科以上 "," 不拘 "," 英文 -- 聽 /中等、說 /中等、讀 /精通、寫 /精通 "," 不拘 "," 不拘 "
240,"上班族、應屆畢業生、日間就讀中、夜間就讀中、研發替代役、外籍人士、原住民 、二度就業、學生實習"," 2年以上 "," 專科以上 "," 不拘 "," 不拘 "," 不拘 "," 不拘 "
241,"應屆畢業生、日間就讀中、夜間就讀中、學生實習"," 不拘 "," 大學 "," 不拘 "," 不拘 ","Excel、PowerPoint、Word"," 不拘 "
242,"上班族、應屆畢業生、日間就讀中、夜間就讀中、研發替代役、外籍人士、原住民 、二度就業、學生實習"," 不拘 "," 大學以上 "," 不拘 "," 日文 -- 聽 /精通、說 /精通、讀 /精通、寫 /精通  中文 -- 聽 /精通、說 /精通、讀 /精通、寫 /精通 ","Excel、Word"," 不拘 "
243,"上班族、應屆畢業生、日間就讀中、夜間就讀中、研發替代役、外籍人士、原住民 、二度就業、學生實習"," 不拘 "," 專科、大學、碩士 "," 不拘 "," 英文 -- 聽 /精通、說 /精通、讀 /精通、寫 /精通  中文 -- 聽 /精通、說 /精通、讀 /精通、寫 /精通 ","Windows 7、Windows 8、Internet Explorer、Outlook、Word、中文打字50~75、英文打字100~125"," 不拘 "
244,"應屆畢業生、日間就讀中、學生實習"," 1年以上 "," 大學、碩士 "," 不拘 "," 日文 -- 聽 /精通、說 /精通、讀 /精通、寫 /精通  中文 -- 聽 /精通、說 /精通、讀 /精通、寫 /精通 ","Excel、Outlook、PowerPoint、Word","技術文件翻譯、書籍翻譯、新聞╱報紙翻譯"
245,"上班族、應屆畢業生、日間就讀中、夜間就讀中、研發替代役、外籍人士、原住民 、二度就業、學生實習"," 不拘 "," 不拘 "," 不拘 "," 不拘 "," 不拘 "," 不拘 "
246,"上班族、應屆畢業生、日間就讀中、夜間就讀中、學生實習"," 不拘 "," 不拘 "," 不拘 "," 不拘 "," 不拘 "," 不拘 "
247,"上班族、應屆畢業生、日間就讀中、夜間就讀中、研發替代役、外籍人士、原住民 、二度就業、學生實習"," 1年以上 "," 專科以上 "," 不拘 "," 日文 -- 聽 /精通、說 /精通、讀 /精通、寫 /精通  中文 -- 聽 /精通、說 /精通、讀 /精通、寫 /精通 "," 不拘 "," 不拘 "
248,"上班族、應屆畢業生、日間就讀中、學生實習"," 不拘 "," 大學 "," 不拘 "," 不拘 "," 不拘 "," 不拘 "
249,"上班族、應屆畢業生、日間就讀中、夜間就讀中、研發替代役、外籍人士、原住民 、二度就業、學生實習"," 不拘 "," 專科以上 "," 不拘 "," 英文 -- 聽 /精通、說 /精通、讀 /精通、寫 /精通  中文 -- 聽 /精通、說 /精通、讀 /精通、寫 /精通 ","Word"," 不拘 "
250,"學生實習"," 不拘 "," 大學、碩士 "," 不拘 "," 英文 -- 聽 /精通、說 /中等、讀 /精通、寫 /精通 "," 不拘 "," 不拘 "
251,"應屆畢業生、日間就讀中、夜間就讀中、學生實習"," 不拘 "," 大學以上 "," 不拘 "," 日文 -- 聽 /中等、說 /中等、讀 /精通、寫 /中等 ","Word、中文打字20~50","書籍翻譯、新聞╱報紙翻譯、雜誌翻譯"
252,"上班族、應屆畢業生、日間就讀中、夜間就讀中、外籍人士、學生實習"," 不拘 "," 大學以上 "," 大眾傳播學科類、藝術學科類 "," 不拘 ","Word、Adobe InDesign、After Effects、Premiere、Adobe Photoshop、Illustrator","色彩調配設計、插畫表現技巧"
253,"應屆畢業生、日間就讀中、夜間就讀中、學生實習"," 不拘 "," 專科、大學、碩士 "," 不拘 "," 英文 -- 聽 /中等、說 /中等、讀 /精通、寫 /精通  中文 -- 聽 /精通、說 /精通、讀 /精通、寫 /精通 ","Excel、PowerPoint、Word"," 不拘 "
254,"上班族、應屆畢業生、日間就讀中、夜間就讀中、外籍人士、原住民 、二度就業、學生實習"," 1年以上 "," 大學以上 "," 不拘 "," 英文 -- 聽 /中等、說 /中等、讀 /中等、寫 /中等 "," 不拘 "," 不拘 "
255,"上班族、應屆畢業生、日間就讀中、夜間就讀中、研發替代役、外籍人士、原住民 、二度就業、學生實習"," 不拘 "," 大學以上 "," 不拘 "," 不拘 "," 不拘 "," 不拘 "
256,"上班族、應屆畢業生、日間就讀中、夜間就讀中、研發替代役、外籍人士、原住民 、二度就業、學生實習"," 不拘 "," 大學以上 "," 不拘 "," 中文 -- 聽 /精通、說 /精通、讀 /精通、寫 /精通  英文 -- 聽 /精通、說 /精通、讀 /精通、寫 /精通 "," 不拘 "," 不拘 "
257,"上班族、應屆畢業生、日間就讀中、夜間就讀中、研發替代役、外籍人士、原住民 、二度就業、學生實習"," 不拘 "," 大學以上 "," 不拘 "," 中文 -- 聽 /精通、說 /精通、讀 /精通、寫 /精通  英文 -- 聽 /中等、說 /中等、讀 /精通、寫 /精通 "," 不拘 "," 不拘 "
258,"上班族、應屆畢業生、日間就讀中、夜間就讀中、研發替代役、外籍人士、原住民 、二度就業、學生實習"," 不拘 "," 高中以上 "," 不拘 "," 英文 -- 聽 /略懂、說 /略懂、讀 /略懂、寫 /略懂 "," 不拘 "," 不拘 "
259,"應屆畢業生、日間就讀中、夜間就讀中、學生實習"," 不拘 "," 大學、碩士 "," 不拘 "," 英文 -- 聽 /中等、說 /中等、讀 /中等、寫 /中等  日文 -- 聽 /中等、說 /中等、讀 /中等、寫 /中等 "," 不拘 "," 不拘 "
260,"應屆畢業生、夜間就讀中、外籍人士、原住民 、二度就業、學生實習"," 不拘 "," 大學、碩士 "," 英美語文相關、其他外國語文相關 "," 英文 -- 聽 /中等、說 /中等、讀 /精通、寫 /精通  中文 -- 聽 /精通、說 /精通、讀 /精通、寫 /精通 ","Adobe Acrobat、FrameMaker、Adobe InDesign"," 不拘 "
261,"應屆畢業生、日間就讀中、學生實習"," 不拘 "," 大學以上 "," 不拘 "," 英文 -- 聽 /中等、說 /中等、讀 /中等、寫 /中等 ","Linux、Python"," 不拘 "
